1.054193019866943359e+00,-3.141067266464233398e+00
1.053953766822814941e+00,-3.141216516494750977e+00
1.054220438003540039e+00,-3.141050815582275391e+00
1.053915858268737793e+00,-3.141058206558227539e+00
1.051262617111206055e+00,-3.140421390533447266e+00
1.037084102630615234e+00,-3.134838819503784180e+00
1.020741105079650879e+00,-3.128074884414672852e+00
1.006269574165344238e+00,-3.122108221054077148e+00
9.890481233596801758e-01,-3.115185499191284180e+00
9.735310673713684082e-01,-3.108440399169921875e+00
9.566640257835388184e-01,-3.102217197418212891e+00
9.415503144264221191e-01,-3.095703601837158203e+00
9.257494211196899414e-01,-3.089541673660278320e+00
9.108938574790954590e-01,-3.082966566085815430e+00
8.946744203567504883e-01,-3.077252388000488281e+00
8.785669803619384766e-01,-3.070258378982543945e+00
8.633239269256591797e-01,-3.063998699188232422e+00
8.481010198593139648e-01,-3.057189702987670898e+00
8.321121931076049805e-01,-3.050504922866821289e+00
8.174523711204528809e-01,-3.043958425521850586e+00
8.026711344718933105e-01,-3.038238525390625000e+00
7.867049574851989746e-01,-3.031885623931884766e+00
7.713516354560852051e-01,-3.025391817092895508e+00
7.562986016273498535e-01,-3.018270015716552734e+00
7.388919591903686523e-01,-3.010513067245483398e+00
7.240828275680541992e-01,-3.003914117813110352e+00
7.078962326049804688e-01,-2.997791290283203125e+00
6.921536922454833984e-01,-2.991043567657470703e+00
6.758997440338134766e-01,-2.983390331268310547e+00
6.614189147949218750e-01,-2.977306127548217773e+00
6.441670656204223633e-01,-2.969936132431030273e+00
6.300665736198425293e-01,-2.963664531707763672e+00
6.146048903465270996e-01,-2.956554174423217773e+00
5.987722873687744141e-01,-2.949450492858886719e+00
5.834732055664062500e-01,-2.942827463150024414e+00
5.677875280380249023e-01,-2.935159921646118164e+00
5.566535592079162598e-01,-2.930873870849609375e+00
5.371184349060058594e-01,-2.922134876251220703e+00
5.215509533882141113e-01,-2.914595127105712891e+00
5.060572028160095215e-01,-2.908107042312622070e+00
4.892910122871398926e-01,-2.900377273559570312e+00
4.750115573406219482e-01,-2.894019365310668945e+00
4.588318765163421631e-01,-2.886144399642944336e+00
4.436471462249755859e-01,-2.879064559936523438e+00
4.285696148872375488e-01,-2.871977806091308594e+00
4.125642776489257812e-01,-2.864635229110717773e+00
3.986692130565643311e-01,-2.858327388763427734e+00
3.852923512458801270e-01,-2.852186441421508789e+00
3.729424476623535156e-01,-2.846110820770263672e+00
3.602136671543121338e-01,-2.840048551559448242e+00
3.474306464195251465e-01,-2.833739280700683594e+00
3.358221948146820068e-01,-2.828180074691772461e+00
3.229643702507019043e-01,-2.819885492324829102e+00
3.095386922359466553e-01,-2.811597585678100586e+00
2.940529286861419678e-01,-2.801490545272827148e+00
2.789387106895446777e-01,-2.791376590728759766e+00
2.659842073917388916e-01,-2.782819986343383789e+00
2.527500689029693604e-01,-2.774341344833374023e+00
2.386487573385238647e-01,-2.765224456787109375e+00
2.250371873378753662e-01,-2.756124019622802734e+00
2.076894938945770264e-01,-2.744176626205444336e+00
1.960147619247436523e-01,-2.736423492431640625e+00
1.822976022958755493e-01,-2.727208614349365234e+00
1.677793562412261963e-01,-2.717559337615966797e+00
1.537298113107681274e-01,-2.707705736160278320e+00
1.402594894170761108e-01,-2.698804855346679688e+00
1.275644153356552124e-01,-2.689671039581298828e+00
1.131889298558235168e-01,-2.679992437362670898e+00
9.952128678560256958e-02,-2.670099973678588867e+00
8.434358239173889160e-02,-2.659492015838623047e+00
7.485201954841613770e-02,-2.653363943099975586e+00
7.485201954841613770e-02,-2.653363943099975586e+00
7.485201954841613770e-02,-2.653363943099975586e+00
5.704833567142486572e-02,-2.641385078430175781e+00
5.478735268115997314e-02,-2.639768362045288086e+00
5.325153842568397522e-02,-2.639006614685058594e+00
5.165049806237220764e-02,-2.636607408523559570e+00
4.978410527110099792e-02,-2.633430480957031250e+00
4.723485186696052551e-02,-2.629171371459960938e+00
4.504906386137008667e-02,-2.622963190078735352e+00
4.252748563885688782e-02,-2.615367889404296875e+00
3.995233774185180664e-02,-2.604905128479003906e+00
3.835488483309745789e-02,-2.592951536178588867e+00
3.753335401415824890e-02,-2.579352855682373047e+00
3.761676326394081116e-02,-2.566100597381591797e+00
3.843589872121810913e-02,-2.552334547042846680e+00
4.099955782294273376e-02,-2.536078691482543945e+00
4.481981694698333740e-02,-2.518377304077148438e+00
4.792127385735511780e-02,-2.502783060073852539e+00
5.439168214797973633e-02,-2.485173940658569336e+00
5.871001258492469788e-02,-2.471313238143920898e+00
6.539777666330337524e-02,-2.455727815628051758e+00
7.252335548400878906e-02,-2.440870285034179688e+00
7.945568859577178955e-02,-2.427556514739990234e+00
8.643253892660140991e-02,-2.415973663330078125e+00
9.386730939149856567e-02,-2.403453350067138672e+00
1.028603389859199524e-01,-2.390800476074218750e+00
1.114150285720825195e-01,-2.379478693008422852e+00
1.219832897186279297e-01,-2.365991830825805664e+00
1.314195990562438965e-01,-2.352002143859863281e+00
1.416966915130615234e-01,-2.339206218719482422e+00
1.520320475101470947e-01,-2.325467348098754883e+00
1.627632528543472290e-01,-2.312918186187744141e+00
1.738506555557250977e-01,-2.298235177993774414e+00
1.826383918523788452e-01,-2.287534952163696289e+00
1.935737133026123047e-01,-2.272799015045166016e+00
2.042674124240875244e-01,-2.259722948074340820e+00
2.122201472520828247e-01,-2.249332666397094727e+00
2.244201749563217163e-01,-2.234320878982543945e+00
2.362872809171676636e-01,-2.219939470291137695e+00
2.470885068178176880e-01,-2.206969022750854492e+00
2.584301233291625977e-01,-2.192456245422363281e+00
2.692292034626007080e-01,-2.179298400878906250e+00
2.771944999694824219e-01,-2.169406175613403320e+00
2.894758880138397217e-01,-2.153988122940063477e+00
3.002803623676300049e-01,-2.140850067138671875e+00
3.113449811935424805e-01,-2.127846240997314453e+00
3.221253454685211182e-01,-2.114402770996093750e+00
3.330824673175811768e-01,-2.101200342178344727e+00
3.437560200691223145e-01,-2.088254213333129883e+00
3.555238842964172363e-01,-2.074348926544189453e+00
3.658140003681182861e-01,-2.062228202819824219e+00
3.736459910869598389e-01,-2.052698373794555664e+00
3.736459910869598389e-01,-2.052698373794555664e+00
3.863303959369659424e-01,-2.037590980529785156e+00
3.974718451499938965e-01,-2.023487329483032227e+00
4.089865982532501221e-01,-2.011060237884521484e+00
4.203024506568908691e-01,-1.999077081680297852e+00
4.310524761676788330e-01,-1.988867759704589844e+00
4.449233412742614746e-01,-1.977135539054870605e+00
4.578488171100616455e-01,-1.967167258262634277e+00
4.715232253074645996e-01,-1.958098769187927246e+00
4.808585047721862793e-01,-1.952238678932189941e+00
4.935936927795410156e-01,-1.944693446159362793e+00
5.055441260337829590e-01,-1.937853455543518066e+00
5.186327099800109863e-01,-1.931688904762268066e+00
5.366584062576293945e-01,-1.923185110092163086e+00
5.494916439056396484e-01,-1.917220830917358398e+00
5.635509490966796875e-01,-1.910744547843933105e+00
5.790291428565979004e-01,-1.903425693511962891e+00
5.958976149559020996e-01,-1.895567297935485840e+00
6.096030473709106445e-01,-1.889241814613342285e+00
6.262509822845458984e-01,-1.881548881530761719e+00
6.421233415603637695e-01,-1.874235033988952637e+00
6.571281552314758301e-01,-1.867324709892272949e+00
6.736719608306884766e-01,-1.859714508056640625e+00
6.876928210258483887e-01,-1.853253960609436035e+00
7.006736397743225098e-01,-1.847463130950927734e+00
7.175076007843017578e-01,-1.839812040328979492e+00
7.344521880149841309e-01,-1.832272648811340332e+00
7.500012516975402832e-01,-1.825309753417968750e+00
7.646349668502807617e-01,-1.818639755249023438e+00
7.804815173149108887e-01,-1.811765074729919434e+00
7.963718771934509277e-01,-1.805149078369140625e+00
8.136475086212158203e-01,-1.797499418258666992e+00
8.278054594993591309e-01,-1.791336536407470703e+00
8.431913256645202637e-01,-1.784934401512145996e+00
8.592298626899719238e-01,-1.778066277503967285e+00
8.753634095191955566e-01,-1.771414637565612793e+00
8.910984396934509277e-01,-1.764500141143798828e+00
9.068657159805297852e-01,-1.758141994476318359e+00
9.156129956245422363e-01,-1.754266381263732910e+00
9.324526786804199219e-01,-1.747590065002441406e+00
9.324526786804199219e-01,-1.747590065002441406e+00
9.324526786804199219e-01,-1.747590065002441406e+00
9.324526786804199219e-01,-1.747590065002441406e+00
1.001742720603942871e+00,-1.718900203704833984e+00
1.014899611473083496e+00,-1.713743090629577637e+00
1.030853986740112305e+00,-1.707127928733825684e+00
1.046381950378417969e+00,-1.700712203979492188e+00
1.046381950378417969e+00,-1.700712203979492188e+00
1.079459667205810547e+00,-1.687854528427124023e+00
1.095472693443298340e+00,-1.681652069091796875e+00
1.111520767211914062e+00,-1.675308704376220703e+00
1.127626776695251465e+00,-1.669116020202636719e+00
1.141765117645263672e+00,-1.663641095161437988e+00
1.143061995506286621e+00,-1.663022994995117188e+00
1.173613429069519043e+00,-1.651209712028503418e+00
1.182997345924377441e+00,-1.647881984710693359e+00
1.198744297027587891e+00,-1.641838908195495605e+00
1.198744297027587891e+00,-1.641838908195495605e+00
1.236880540847778320e+00,-1.627214908599853516e+00
1.252442955970764160e+00,-1.620876550674438477e+00
1.264400839805603027e+00,-1.616064906120300293e+00
1.280210852622985840e+00,-1.609947085380554199e+00
1.298096179962158203e+00,-1.603220343589782715e+00
1.316403865814208984e+00,-1.596394300460815430e+00
1.332825541496276855e+00,-1.589923858642578125e+00
1.347916960716247559e+00,-1.584587454795837402e+00
1.364173769950866699e+00,-1.578762292861938477e+00
1.380033612251281738e+00,-1.572977423667907715e+00
1.395536422729492188e+00,-1.567591547966003418e+00
1.412308573722839355e+00,-1.560941815376281738e+00
1.429126381874084473e+00,-1.555301070213317871e+00
1.443970203399658203e+00,-1.549963831901550293e+00
1.459185123443603516e+00,-1.543960928916931152e+00
1.475458502769470215e+00,-1.538200259208679199e+00
1.490260243415832520e+00,-1.532843351364135742e+00
1.507723808288574219e+00,-1.526888132095336914e+00
1.524000763893127441e+00,-1.520809054374694824e+00
1.537958621978759766e+00,-1.515415906906127930e+00
1.551999092102050781e+00,-1.510240912437438965e+00
1.566433668136596680e+00,-1.504743576049804688e+00
1.581837058067321777e+00,-1.498462557792663574e+00
1.596001267433166504e+00,-1.492966532707214355e+00
1.604366779327392578e+00,-1.490189671516418457e+00
1.622627377510070801e+00,-1.481032371520996094e+00
1.636135101318359375e+00,-1.474723935127258301e+00
1.646209716796875000e+00,-1.468615651130676270e+00
1.661595344543457031e+00,-1.462028264999389648e+00
1.676624655723571777e+00,-1.452133297920227051e+00
1.706735968589782715e+00,-1.437849044799804688e+00
1.710763335227966309e+00,-1.436751723289489746e+00
1.705077648162841797e+00,-1.435254573822021484e+00
1.719753742218017578e+00,-1.427852272987365723e+00
1.735013365745544434e+00,-1.419489026069641113e+00
1.750134468078613281e+00,-1.410457849502563477e+00
1.763610005378723145e+00,-1.402048230171203613e+00
1.780128121376037598e+00,-1.393972039222717285e+00
1.793213367462158203e+00,-1.386610746383666992e+00
1.806384444236755371e+00,-1.379630208015441895e+00
1.823097705841064453e+00,-1.370217204093933105e+00
1.839438676834106445e+00,-1.361396193504333496e+00
1.853355646133422852e+00,-1.354037046432495117e+00
1.870363354682922363e+00,-1.346479773521423340e+00
1.885528683662414551e+00,-1.338585019111633301e+00
1.898499727249145508e+00,-1.329114675521850586e+00
1.912202954292297363e+00,-1.321488738059997559e+00
1.929567337036132812e+00,-1.313114285469055176e+00
1.942759037017822266e+00,-1.305341005325317383e+00
1.955594658851623535e+00,-1.298382878303527832e+00
1.973424792289733887e+00,-1.290880560874938965e+00
1.989759564399719238e+00,-1.281866312026977539e+00
2.005530357360839844e+00,-1.274611473083496094e+00
2.017812252044677734e+00,-1.268855214118957520e+00
2.035437583923339844e+00,-1.259332537651062012e+00
2.050135850906372070e+00,-1.253304123878479004e+00
2.064180374145507812e+00,-1.245826244354248047e+00
2.078139543533325195e+00,-1.238965630531311035e+00
2.094407320022583008e+00,-1.228502273559570312e+00
2.108970403671264648e+00,-1.222428083419799805e+00
2.124738454818725586e+00,-1.212741971015930176e+00
2.139416933059692383e+00,-1.207555294036865234e+00
2.155727624893188477e+00,-1.198748469352722168e+00
2.170853137969970703e+00,-1.190375685691833496e+00
2.184348583221435547e+00,-1.185355544090270996e+00
2.199654102325439453e+00,-1.177455663681030273e+00
2.215390682220458984e+00,-1.168371677398681641e+00
2.232146501541137695e+00,-1.161037921905517578e+00
2.246370077133178711e+00,-1.153912186622619629e+00
2.259337663650512695e+00,-1.148022294044494629e+00
2.276722192764282227e+00,-1.139225482940673828e+00
2.290229797363281250e+00,-1.133393645286560059e+00
2.307342529296875000e+00,-1.124769687652587891e+00
2.322198629379272461e+00,-1.118426203727722168e+00
2.337599992752075195e+00,-1.110869169235229492e+00
2.354444742202758789e+00,-1.103012323379516602e+00
2.369172573089599609e+00,-1.096422791481018066e+00
2.383088350296020508e+00,-1.089583039283752441e+00
2.398575544357299805e+00,-1.082728266716003418e+00
2.415511369705200195e+00,-1.074679970741271973e+00
2.430288314819335938e+00,-1.067763805389404297e+00
2.446193456649780273e+00,-1.060982823371887207e+00
2.461612939834594727e+00,-1.054082155227661133e+00
2.477085828781127930e+00,-1.047005414962768555e+00
2.490112781524658203e+00,-1.040809154510498047e+00
2.506672620773315430e+00,-1.033116817474365234e+00
2.521152257919311523e+00,-1.027006387710571289e+00
2.536276102066040039e+00,-1.020473122596740723e+00
2.552242755889892578e+00,-1.012454748153686523e+00
2.567359447479248047e+00,-1.005532741546630859e+00
2.584763526916503906e+00,-9.994271397590637207e-01
2.595613479614257812e+00,-9.948294162750244141e-01
2.614392042160034180e+00,-9.867551326751708984e-01
2.631801128387451172e+00,-9.794833064079284668e-01
2.647158384323120117e+00,-9.728587865829467773e-01
2.661733865737915039e+00,-9.666759371757507324e-01
2.677681446075439453e+00,-9.598530530929565430e-01
2.693174362182617188e+00,-9.532011151313781738e-01
2.708791732788085938e+00,-9.466304183006286621e-01
2.725529432296752930e+00,-9.395123124122619629e-01
2.739982843399047852e+00,-9.337467551231384277e-01
2.755768537521362305e+00,-9.273723959922790527e-01
2.771388530731201172e+00,-9.210494160652160645e-01
2.787837266921997070e+00,-9.141926765441894531e-01
2.803889036178588867e+00,-9.076398015022277832e-01
2.818553447723388672e+00,-9.017551541328430176e-01
2.833900451660156250e+00,-8.955701589584350586e-01
2.851061582565307617e+00,-8.887507319450378418e-01
2.866975784301757812e+00,-8.820381760597229004e-01
2.879706144332885742e+00,-8.769534230232238770e-01
2.899496555328369141e+00,-8.687775135040283203e-01
2.914290904998779297e+00,-8.630366325378417969e-01
2.929068088531494141e+00,-8.570833206176757812e-01
2.946491479873657227e+00,-8.500433564186096191e-01
2.960548400878906250e+00,-8.447563052177429199e-01
2.979127407073974609e+00,-8.375383019447326660e-01
2.994684457778930664e+00,-8.317231535911560059e-01
3.010653972625732422e+00,-8.256103396415710449e-01
3.027900934219360352e+00,-8.192343115806579590e-01
3.034221172332763672e+00,-8.168437480926513672e-01
3.057032823562622070e+00,-8.082945346832275391e-01
3.074153661727905273e+00,-8.019675612449645996e-01
3.090372800827026367e+00,-7.954992651939392090e-01
3.106066465377807617e+00,-7.897244095802307129e-01
3.121885776519775391e+00,-7.833008766174316406e-01
3.136059284210205078e+00,-7.784381508827209473e-01
3.152114391326904297e+00,-7.722064852714538574e-01
3.169529438018798828e+00,-7.663809061050415039e-01
3.184126615524291992e+00,-7.610657811164855957e-01
3.199457645416259766e+00,-7.560077309608459473e-01
3.215770959854125977e+00,-7.502417564392089844e-01
3.232197999954223633e+00,-7.445946931838989258e-01
3.249821901321411133e+00,-7.379535436630249023e-01
3.263106107711791992e+00,-7.337293624877929688e-01
3.281915664672851562e+00,-7.266364693641662598e-01
3.296914815902709961e+00,-7.213754057884216309e-01
3.314410209655761719e+00,-7.157301306724548340e-01
3.329103469848632812e+00,-7.106465101242065430e-01
3.345253944396972656e+00,-7.055031657218933105e-01
3.360300302505493164e+00,-7.004619240760803223e-01
3.376390933990478516e+00,-6.945329308509826660e-01
3.392576932907104492e+00,-6.887952089309692383e-01
3.410226106643676758e+00,-6.829707026481628418e-01
3.424928903579711914e+00,-6.785635948181152344e-01
3.441011667251586914e+00,-6.727309226989746094e-01
3.458608388900756836e+00,-6.672383546829223633e-01
3.470871925354003906e+00,-6.629087924957275391e-01
3.485568761825561523e+00,-6.572462916374206543e-01
3.498494863510131836e+00,-6.537132263183593750e-01
3.518586158752441406e+00,-6.457575559616088867e-01
3.532988786697387695e+00,-6.398807764053344727e-01
3.548901081085205078e+00,-6.338013410568237305e-01
3.564960002899169922e+00,-6.283917427062988281e-01
3.581986904144287109e+00,-6.229320764541625977e-01
3.593807458877563477e+00,-6.171315908432006836e-01
3.607204675674438477e+00,-6.115776300430297852e-01
3.623255491256713867e+00,-6.047078371047973633e-01
3.640067815780639648e+00,-5.975892543792724609e-01
3.654263734817504883e+00,-5.914793014526367188e-01
3.670527696609497070e+00,-5.864301323890686035e-01
3.685692548751831055e+00,-5.791445970535278320e-01
3.698988676071166992e+00,-5.748202204704284668e-01
3.712279081344604492e+00,-5.668352246284484863e-01
3.728651762008666992e+00,-5.620254278182983398e-01
3.744861602783203125e+00,-5.552765130996704102e-01
